Category,Keyword,Search Intent,Competition,Target URL,Optimization Status,Content Type,Priority
Global Keywords,cci tunisie,Navigational,High,/,Optimized,Homepage,High
Global Keywords,cci tunis,Navigational,High,/,Optimized,Homepage,High
Global Keywords,nettoyage professionnel tunisie,Commercial,Medium,/services,Needs Optimization,Service Page,High
Global Keywords,nettoyage moquette tunis,Transactional,Medium,/tapis,Optimized,Service Page,High
Global Keywords,nettoyage salon tunisie,Transactional,Medium,/salon,Optimized,Service Page,High
Global Keywords,restauration marbre tunis,Transactional,High,/marbre,Optimized,Service Page,High
Global Keywords,services tapisserie tunisie,Commercial,Low,/tapisserie,Optimized,Service Page,Medium
Global Keywords,nettoyage post-chantier,Commercial,Low,/tfc,Optimized,Service Page,Medium
Global Keywords,CCI services,Navigational,High,/,Optimized,Homepage,High
Company Brand,CCI Tunisie,Navigational,High,/,Optimized,Homepage,High
Company Brand,CCI Tunis,Navigational,High,/,Optimized,Homepage,High
Company Brand,CCI Services,Navigational,Medium,/,Optimized,Homepage,Medium
Company Brand,Chaabane's Cleaning Intelligence,Navigational,Low,/about,Needs Optimization,About Page,Low
Tapis & Moquette,nettoyage tapis tunis,Transactional,High,/tapis,Optimized,Service Page,High
Tapis & Moquette,nettoyage moquettes tunisie,Transactional,High,/tapis,Optimized,Service Page,High
Tapis & Moquette,injection extraction,Informational,Medium,/blog/injection-extraction-guide,Optimized,Blog Post,High
Tapis & Moquette,lavage vapeur,Informational,Medium,/blog/nettoyage-vapeur-guide,Not Optimized,Blog Post,High
Tapis & Moquette,nettoyage à sec,Informational,Low,/blog/nettoyage-sec-guide,Not Optimized,Blog Post,Medium
Tapis & Moquette,shampouinage moquette Tunis,Commercial,Medium,/tapis,Needs Optimization,Service Page,Medium
Tapis & Moquette,détachage moquette Tunis,Commercial,Low,/blog/detachage-moquette,Not Optimized,Blog Post,High
Tapis & Moquette,entreprise nettoyage moquette Tunis,Commercial,High,/tapis,Optimized,Service Page,High
Tapis & Moquette,devis nettoyage moquette Tunis,Transactional,Medium,/devis,Optimized,Landing Page,High
Tapis & Moquette,tarif nettoyage tapis Tunis,Commercial,Medium,/blog/prix-nettoyage-tapis,New Content,Blog Article,Medium
Salon & Canapé,"nettoyage salon tunis, nettoyage canapé, nettoyage voiture intérieur, tapisserie, injection extraction, vapeur, nettoyage salon & canapés à domicile tunis, détachage, shampooing, désinfection"
Marbre & Pierre,"traitement marbre tunisie, ponçage marbre, polissage marbre, cristallisation marbre, sols marbre, restauration marbre tunis, polissage & cristallisation, entretien marbre, restauration marbre, marbre blanc, granit, travertin, ponçage, lustrage, protection, ébauche"
Post-Chantier TFC,"nettoyage post-chantier tunisie, fin de travaux, dépoussiérage professionnel, décapage sols, nettoyage vitres chantier, nettoyage après travaux, TFC, dépoussiérage, gravats, nettoyage technique"
Tapisserie,"tapisserie sur mesure tunis, retapissage, rembourrage canapés, tissus ignifuges, remplacement mousse, tapisserie nautique, banquette, confection sur mesure, rénovation fauteuil"
Pricing & Services,"prix nettoyage tapis tunis, tarif nettoyage tapis, devis nettoyage tapis, cout nettoyage tapis tunisie, prix injection extraction, devis gratuit, simulateur devis nettoyage tunisie, prix transparent, devis en ligne, tarif nettoyage salon tunisie"
Specialized Services,"comment nettoyer canapé cuir, entretien canapé cuir tunis, nettoyage cuir professionnel, produits nettoyage cuir, détartrage marbre cuisine, entretien marbre cuisine tunis, nettoyer plan travail marbre, marbre cuisine calcaire"
Geographic Areas,"nettoyage ariana, services nettoyage ariana, nettoyage tapis ariana, marbre ariana, CCI services ariana, nettoyage la marsa, services carthage, nettoyage prestige tunis, marbre la marsa, CCI services premium, tunis, l'aouina, carthage, ben arous, manouba, grand tunis"
Technical Methods,"injection-extraction, lavage vapeur, nettoyage à sec, shampooing, cristallisation, polissage, ponçage, lustrage, encapsulation, détachage, désinfection, séchage rapide"
Materials & Surfaces,"marbre, granit, travertin, moquette, tapis, canapé, salon, rideaux, matelas, tissus d'ameublement, cuir, microfibre, velours, coton, lin"
Professional Services,"nettoyage professionnel, entreprise nettoyage, société nettoyage, services premium, nettoyage haut de gamme, intervention rapide, devis gratuit, experts nettoyage"
Home Page Meta,"CCI Tunisie, Leader nettoyage professionnel Tunis, moquettes, salons, marbre, devis gratuit, restauration, polissage marbre tunisie, tapisserie tunisie, nettoyage post chantier tunis"
About Page,"experts nettoyage professionnel & marbre tunis, restauration de marbre, nettoyage de moquettes, tapisserie en tunisie, qualité et durabilité"
Services Page,"polissage marbre, nettoyage moquettes, tapisserie, prestations professionnelles, rénovation de tapisserie, nettoyages post-chantier"
Contact Page,"contact CCI tunisie, devis gratuit nettoyage professionnel tunis, polissage marbre, nettoyage moquettes, tapisserie"
Blog Keywords,"conseils nettoyage tunis, guide tapis, ponçage marbre, retapissage salon, blog nettoyage professionnel, guides complets, tutoriels, conseils d'expert, astuces professionnelles, tarifs 2025"
Devis Page,"simulateur devis nettoyage tunisie, prix transparent & instantané, premier simulateur en ligne tunisie, calcul devis en ligne, tarifs clairs, résultats immédiats, nettoyage salon à domicile, nettoyage moquette professionnel, entretien marbre, cristallisation marbre tunisie, nettoyage canapé à domicile, lavage tapis professionnel, nettoyage post-chantier tunis, détartrage marbre, polissage sol marbre, nettoyage bateau tunisie, désinfection salon"
Team Page,"équipe CCI, experts en restauration & nettoyage, techniciens qualifiés, spécialisés en marbre, moquettes, tapisserie, nettoyages après chantier"
FAQ Keywords,"questions fréquentes, nettoyage de tapis, restauration de marbre, tapisserie, nettoyages post-chantier, astuces pratiques, détachage, solutions maison au vinaigre, entretien du marbre"
Urgency & Emergency,"services de nettoyage d'urgence, intervention 24/7, dégâts des eaux, taches accidentelles, imprévus, équipe mobile, intervention rapide"
Industry Specific,"ferries & yachts, nettoyage industriel, nettoyage maritime, techniques maritimes spécialisées, produits anti-corrosion, nettoyage haut de gamme embarcations"
Local Business,"06 rue galant de nuit, el aouina, tunis 2045, tunisia, +216 98 557 766, contact@cciservices.online, cciservices.online"
Service Types,"maintenance bureaux, centres d'appel, traitement anti-acariens, bio-charge réduite, encapsulation basse humidité, neutralisation odeurs cinéma, entretien mosquées"
Quality Assurance,"protocoles structurés, diagnostic, fiche d'intervention, test de solidité des couleurs, équipements injection-extraction bi-turbine, contrôle du pH, produits certifiés, formules biodégradables, techniciens formés"
Specialized Equipment,"injecteurs bi-turbine haut débit, machines orbitales basse vitesse, pads microfibre encapsulation, buses chewing-gum spot, aspiro-brosseur professionnel, monobrosse rotative, essoreuse moderne"