Campaign,Page Name,Original URL,Trackable URL,Suggested Post Text
"facebook_organic","Homepage","https://cciservices.online","https://cciservices.online/?utm_source=facebook&utm_medium=social&utm_campaign=facebook_organic&utm_content=homepage&utm_term=homepage","ğŸ  DÃ©couvrez CCI Services, votre expert en nettoyage professionnel Ã  Tunis ! âœ¨"
"facebook_organic","Articles de Conseils","https://cciservices.online/conseils","https://cciservices.online/conseils?utm_source=facebook&utm_medium=social&utm_campaign=facebook_organic&utm_content=articles_de_conseils&utm_term=content","ğŸ“š Conseils d'experts pour l'entretien de votre intÃ©rieur ! Lisez nos guides complets ğŸ‘‡"
"facebook_organic","Services de Nettoyage","https://cciservices.online/services","https://cciservices.online/services?utm_source=facebook&utm_medium=social&utm_campaign=facebook_organic&utm_content=services_de_nettoyage&utm_term=services","ğŸ§½ Tous nos services de nettoyage professionnel en un clic ! QualitÃ© garantie â­"
"facebook_organic","Devis Gratuit","https://cciservices.online/devis","https://cciservices.online/devis?utm_source=facebook&utm_medium=social&utm_campaign=facebook_organic&utm_content=devis_gratuit&utm_term=conversion","ğŸ’° Besoin d'un devis ? C'est gratuit et sans engagement ! Contactez-nous dÃ¨s maintenant ğŸ“"
"facebook_organic","VidÃ©os Reels","https://cciservices.online/reels","https://cciservices.online/reels?utm_source=facebook&utm_medium=social&utm_campaign=facebook_organic&utm_content=vid%C3%A9os_reels&utm_term=video","ğŸ¬ Regardez nos transformations spectaculaires en vidÃ©o ! Before/After impressionnants ğŸ¤©"
"facebook_organic","Contact","https://cciservices.online/contact","https://cciservices.online/contact?utm_source=facebook&utm_medium=social&utm_campaign=facebook_organic&utm_content=contact&utm_term=contact","DÃ©couvrez Contact avec CCI Services ! ğŸ âœ¨"
"facebook_organic","Nettoyage Tapis","https://cciservices.online/tapis","https://cciservices.online/tapis?utm_source=facebook&utm_medium=social&utm_campaign=facebook_organic&utm_content=nettoyage_tapis&utm_term=service_tapis","DÃ©couvrez Nettoyage Tapis avec CCI Services ! ğŸ âœ¨"
"facebook_organic","Polissage Marbre","https://cciservices.online/marbre","https://cciservices.online/marbre?utm_source=facebook&utm_medium=social&utm_campaign=facebook_organic&utm_content=polissage_marbre&utm_term=service_marbre","DÃ©couvrez Polissage Marbre avec CCI Services ! ğŸ âœ¨"
"facebook_organic","Nettoyage Salon","https://cciservices.online/salon","https://cciservices.online/salon?utm_source=facebook&utm_medium=social&utm_campaign=facebook_organic&utm_content=nettoyage_salon&utm_term=service_salon","DÃ©couvrez Nettoyage Salon avec CCI Services ! ğŸ âœ¨"
"facebook_organic","Tapisserie","https://cciservices.online/tapisserie","https://cciservices.online/tapisserie?utm_source=facebook&utm_medium=social&utm_campaign=facebook_organic&utm_content=tapisserie&utm_term=service_tapisserie","DÃ©couvrez Tapisserie avec CCI Services ! ğŸ âœ¨"
"facebook_stories","Homepage","https://cciservices.online","https://cciservices.online/?utm_source=facebook&utm_medium=social&utm_campaign=facebook_stories&utm_content=homepage&utm_term=homepage","ğŸ  CCI Services - Votre spÃ©cialiste nettoyage âœ¨ Swipe up!"
"facebook_stories","Articles de Conseils","https://cciservices.online/conseils","https://cciservices.online/conseils?utm_source=facebook&utm_medium=social&utm_campaign=facebook_stories&utm_content=articles_de_conseils&utm_term=content","ğŸ“– Astuces nettoyage pro ğŸ’¡ Link in bio!"
"facebook_stories","Services de Nettoyage","https://cciservices.online/services","https://cciservices.online/services?utm_source=facebook&utm_medium=social&utm_campaign=facebook_stories&utm_content=services_de_nettoyage&utm_term=services","ğŸ§½ Tous nos services ğŸ‘† Swipe up!"
"facebook_stories","Devis Gratuit","https://cciservices.online/devis","https://cciservices.online/devis?utm_source=facebook&utm_medium=social&utm_campaign=facebook_stories&utm_content=devis_gratuit&utm_term=conversion","ğŸ’° Devis gratuit ğŸ“ Link in bio!"
"facebook_stories","VidÃ©os Reels","https://cciservices.online/reels","https://cciservices.online/reels?utm_source=facebook&utm_medium=social&utm_campaign=facebook_stories&utm_content=vid%C3%A9os_reels&utm_term=video","ğŸ¬ Nos transformations ğŸ¤© Swipe up!"
"facebook_stories","Contact","https://cciservices.online/contact","https://cciservices.online/contact?utm_source=facebook&utm_medium=social&utm_campaign=facebook_stories&utm_content=contact&utm_term=contact","DÃ©couvrez Contact avec CCI Services ! ğŸ âœ¨"
"facebook_stories","Nettoyage Tapis","https://cciservices.online/tapis","https://cciservices.online/tapis?utm_source=facebook&utm_medium=social&utm_campaign=facebook_stories&utm_content=nettoyage_tapis&utm_term=service_tapis","DÃ©couvrez Nettoyage Tapis avec CCI Services ! ğŸ âœ¨"
"facebook_stories","Polissage Marbre","https://cciservices.online/marbre","https://cciservices.online/marbre?utm_source=facebook&utm_medium=social&utm_campaign=facebook_stories&utm_content=polissage_marbre&utm_term=service_marbre","DÃ©couvrez Polissage Marbre avec CCI Services ! ğŸ âœ¨"
"facebook_stories","Nettoyage Salon","https://cciservices.online/salon","https://cciservices.online/salon?utm_source=facebook&utm_medium=social&utm_campaign=facebook_stories&utm_content=nettoyage_salon&utm_term=service_salon","DÃ©couvrez Nettoyage Salon avec CCI Services ! ğŸ âœ¨"
"facebook_stories","Tapisserie","https://cciservices.online/tapisserie","https://cciservices.online/tapisserie?utm_source=facebook&utm_medium=social&utm_campaign=facebook_stories&utm_content=tapisserie&utm_term=service_tapisserie","DÃ©couvrez Tapisserie avec CCI Services ! ğŸ âœ¨"
"facebook_reels","Homepage","https://cciservices.online","https://cciservices.online/?utm_source=facebook&utm_medium=social&utm_campaign=facebook_reels&utm_content=homepage&utm_term=homepage","âœ¨ Transformation complÃ¨te avec CCI Services ! ğŸ  #NettoyageProfessionnel #Tunis"
"facebook_reels","Articles de Conseils","https://cciservices.online/conseils","https://cciservices.online/conseils?utm_source=facebook&utm_medium=social&utm_campaign=facebook_reels&utm_content=articles_de_conseils&utm_term=content","ğŸ’¡ DÃ©couvrez tous nos conseils d'experts ! ğŸ“š #ConseilsNettoyage #TunisClean"
"facebook_reels","Services de Nettoyage","https://cciservices.online/services","https://cciservices.online/services?utm_source=facebook&utm_medium=social&utm_campaign=facebook_reels&utm_content=services_de_nettoyage&utm_term=services","ğŸ§½ Nos services professionnels vous attendent ! â­ #NettoyageExpert #CCIServices"
"facebook_reels","Devis Gratuit","https://cciservices.online/devis","https://cciservices.online/devis?utm_source=facebook&utm_medium=social&utm_campaign=facebook_reels&utm_content=devis_gratuit&utm_term=conversion","ğŸ“ Votre devis gratuit en quelques clics ! ğŸ’° #DevisGratuit #NettoyageTunis"
"facebook_reels","VidÃ©os Reels","https://cciservices.online/reels","https://cciservices.online/reels?utm_source=facebook&utm_medium=social&utm_campaign=facebook_reels&utm_content=vid%C3%A9os_reels&utm_term=video","ğŸ¬ Encore plus de transformations spectaculaires ! ğŸ¤© #BeforeAfter #Transformation"
"facebook_reels","Contact","https://cciservices.online/contact","https://cciservices.online/contact?utm_source=facebook&utm_medium=social&utm_campaign=facebook_reels&utm_content=contact&utm_term=contact","DÃ©couvrez Contact avec CCI Services ! ğŸ âœ¨"
"facebook_reels","Nettoyage Tapis","https://cciservices.online/tapis","https://cciservices.online/tapis?utm_source=facebook&utm_medium=social&utm_campaign=facebook_reels&utm_content=nettoyage_tapis&utm_term=service_tapis","DÃ©couvrez Nettoyage Tapis avec CCI Services ! ğŸ âœ¨"
"facebook_reels","Polissage Marbre","https://cciservices.online/marbre","https://cciservices.online/marbre?utm_source=facebook&utm_medium=social&utm_campaign=facebook_reels&utm_content=polissage_marbre&utm_term=service_marbre","DÃ©couvrez Polissage Marbre avec CCI Services ! ğŸ âœ¨"
"facebook_reels","Nettoyage Salon","https://cciservices.online/salon","https://cciservices.online/salon?utm_source=facebook&utm_medium=social&utm_campaign=facebook_reels&utm_content=nettoyage_salon&utm_term=service_salon","DÃ©couvrez Nettoyage Salon avec CCI Services ! ğŸ âœ¨"
"facebook_reels","Tapisserie","https://cciservices.online/tapisserie","https://cciservices.online/tapisserie?utm_source=facebook&utm_medium=social&utm_campaign=facebook_reels&utm_content=tapisserie&utm_term=service_tapisserie","DÃ©couvrez Tapisserie avec CCI Services ! ğŸ âœ¨"
"facebook_events","Homepage","https://cciservices.online","https://cciservices.online/?utm_source=facebook&utm_medium=social&utm_campaign=facebook_events&utm_content=homepage&utm_term=homepage","DÃ©couvrez Homepage avec CCI Services ! ğŸ âœ¨"
"facebook_events","Articles de Conseils","https://cciservices.online/conseils","https://cciservices.online/conseils?utm_source=facebook&utm_medium=social&utm_campaign=facebook_events&utm_content=articles_de_conseils&utm_term=content","DÃ©couvrez Articles de Conseils avec CCI Services ! ğŸ âœ¨"
"facebook_events","Services de Nettoyage","https://cciservices.online/services","https://cciservices.online/services?utm_source=facebook&utm_medium=social&utm_campaign=facebook_events&utm_content=services_de_nettoyage&utm_term=services","DÃ©couvrez Services de Nettoyage avec CCI Services ! ğŸ âœ¨"
"facebook_events","Devis Gratuit","https://cciservices.online/devis","https://cciservices.online/devis?utm_source=facebook&utm_medium=social&utm_campaign=facebook_events&utm_content=devis_gratuit&utm_term=conversion","DÃ©couvrez Devis Gratuit avec CCI Services ! ğŸ âœ¨"
"facebook_events","VidÃ©os Reels","https://cciservices.online/reels","https://cciservices.online/reels?utm_source=facebook&utm_medium=social&utm_campaign=facebook_events&utm_content=vid%C3%A9os_reels&utm_term=video","DÃ©couvrez VidÃ©os Reels avec CCI Services ! ğŸ âœ¨"
"facebook_events","Contact","https://cciservices.online/contact","https://cciservices.online/contact?utm_source=facebook&utm_medium=social&utm_campaign=facebook_events&utm_content=contact&utm_term=contact","DÃ©couvrez Contact avec CCI Services ! ğŸ âœ¨"
"facebook_events","Nettoyage Tapis","https://cciservices.online/tapis","https://cciservices.online/tapis?utm_source=facebook&utm_medium=social&utm_campaign=facebook_events&utm_content=nettoyage_tapis&utm_term=service_tapis","DÃ©couvrez Nettoyage Tapis avec CCI Services ! ğŸ âœ¨"
"facebook_events","Polissage Marbre","https://cciservices.online/marbre","https://cciservices.online/marbre?utm_source=facebook&utm_medium=social&utm_campaign=facebook_events&utm_content=polissage_marbre&utm_term=service_marbre","DÃ©couvrez Polissage Marbre avec CCI Services ! ğŸ âœ¨"
"facebook_events","Nettoyage Salon","https://cciservices.online/salon","https://cciservices.online/salon?utm_source=facebook&utm_medium=social&utm_campaign=facebook_events&utm_content=nettoyage_salon&utm_term=service_salon","DÃ©couvrez Nettoyage Salon avec CCI Services ! ğŸ âœ¨"
"facebook_events","Tapisserie","https://cciservices.online/tapisserie","https://cciservices.online/tapisserie?utm_source=facebook&utm_medium=social&utm_campaign=facebook_events&utm_content=tapisserie&utm_term=service_tapisserie","DÃ©couvrez Tapisserie avec CCI Services ! ğŸ âœ¨"
"facebook_promotion","Homepage","https://cciservices.online","https://cciservices.online/?utm_source=facebook&utm_medium=social&utm_campaign=facebook_promotion&utm_content=homepage&utm_term=homepage","DÃ©couvrez Homepage avec CCI Services ! ğŸ âœ¨"
"facebook_promotion","Articles de Conseils","https://cciservices.online/conseils","https://cciservices.online/conseils?utm_source=facebook&utm_medium=social&utm_campaign=facebook_promotion&utm_content=articles_de_conseils&utm_term=content","DÃ©couvrez Articles de Conseils avec CCI Services ! ğŸ âœ¨"
"facebook_promotion","Services de Nettoyage","https://cciservices.online/services","https://cciservices.online/services?utm_source=facebook&utm_medium=social&utm_campaign=facebook_promotion&utm_content=services_de_nettoyage&utm_term=services","DÃ©couvrez Services de Nettoyage avec CCI Services ! ğŸ âœ¨"
"facebook_promotion","Devis Gratuit","https://cciservices.online/devis","https://cciservices.online/devis?utm_source=facebook&utm_medium=social&utm_campaign=facebook_promotion&utm_content=devis_gratuit&utm_term=conversion","DÃ©couvrez Devis Gratuit avec CCI Services ! ğŸ âœ¨"
"facebook_promotion","VidÃ©os Reels","https://cciservices.online/reels","https://cciservices.online/reels?utm_source=facebook&utm_medium=social&utm_campaign=facebook_promotion&utm_content=vid%C3%A9os_reels&utm_term=video","DÃ©couvrez VidÃ©os Reels avec CCI Services ! ğŸ âœ¨"
"facebook_promotion","Contact","https://cciservices.online/contact","https://cciservices.online/contact?utm_source=facebook&utm_medium=social&utm_campaign=facebook_promotion&utm_content=contact&utm_term=contact","DÃ©couvrez Contact avec CCI Services ! ğŸ âœ¨"
"facebook_promotion","Nettoyage Tapis","https://cciservices.online/tapis","https://cciservices.online/tapis?utm_source=facebook&utm_medium=social&utm_campaign=facebook_promotion&utm_content=nettoyage_tapis&utm_term=service_tapis","DÃ©couvrez Nettoyage Tapis avec CCI Services ! ğŸ âœ¨"
"facebook_promotion","Polissage Marbre","https://cciservices.online/marbre","https://cciservices.online/marbre?utm_source=facebook&utm_medium=social&utm_campaign=facebook_promotion&utm_content=polissage_marbre&utm_term=service_marbre","DÃ©couvrez Polissage Marbre avec CCI Services ! ğŸ âœ¨"
"facebook_promotion","Nettoyage Salon","https://cciservices.online/salon","https://cciservices.online/salon?utm_source=facebook&utm_medium=social&utm_campaign=facebook_promotion&utm_content=nettoyage_salon&utm_term=service_salon","DÃ©couvrez Nettoyage Salon avec CCI Services ! ğŸ âœ¨"
"facebook_promotion","Tapisserie","https://cciservices.online/tapisserie","https://cciservices.online/tapisserie?utm_source=facebook&utm_medium=social&utm_campaign=facebook_promotion&utm_content=tapisserie&utm_term=service_tapisserie","DÃ©couvrez Tapisserie avec CCI Services ! ğŸ âœ¨"
